occurrenceID,measurementID,measurementType,measurementTypeID,measurementValue,measurementUnit,measurementUnitID,measurementMethod
IYS:GoA2020:Stn3:trawl:1-p,IYS:GoA2020:Stn3:trawl:1-p-1,Stomachs analyzed, ,14,stomachs,http://vocab.nerc.ac.uk/collection/P06/current/UUUU/,NA
IYS:GoA2020:Stn3:trawl:1-p,IYS:GoA2020:Stn3:trawl:1-p-2,"Consumer's average weight, g", ,263,gram,http://vocab.nerc.ac.uk/collection/P06/current/UGRM/,measurementValue represents the average
IYS:GoA2020:Stn3:trawl:1-p,IYS:GoA2020:Stn3:trawl:1-p-3,"Consumer's average length,cm", ,30.9,centimeter,http://vocab.nerc.ac.uk/collection/P06/current/ULCM/,measurementValue represents the average
IYS:GoA2020:Stn3:trawl:1-p,IYS:GoA2020:Stn3:trawl:1-p-4,Number of empty stomachs (fullness score - 0), ,7,stomachs,http://vocab.nerc.ac.uk/collection/P06/current/UUUU/,NA
IYS:GoA2020:Stn3:trawl:1-p,IYS:GoA2020:Stn3:trawl:1-p-5,Number of stomachs with middle fullness (fullness score - 1-2), ,7,stomachs,http://vocab.nerc.ac.uk/collection/P06/current/UUUU/,NA
IYS:GoA2020:Stn3:trawl:1-p,IYS:GoA2020:Stn3:trawl:1-p-6,Number of full stomachs (fullness score - 3-4), ,0,stomachs,http://vocab.nerc.ac.uk/collection/P06/current/UUUU/,NA
IYS:GoA2020:Stn3:trawl:2-p,IYS:GoA2020:Stn3:trawl:2-p-1,Stomachs analyzed, ,13,stomachs,http://vocab.nerc.ac.uk/collection/P06/current/UUUU/,NA
IYS:GoA2020:Stn3:trawl:2-p,IYS:GoA2020:Stn3:trawl:2-p-2,"Consumer's average weight, g", ,958,gram,http://vocab.nerc.ac.uk/collection/P06/current/UGRM/,measurementValue represents the average
IYS:GoA2020:Stn3:trawl:2-p,IYS:GoA2020:Stn3:trawl:2-p-3,"Consumer's average length,cm", ,45.4,centimeter,http://vocab.nerc.ac.uk/collection/P06/current/ULCM/,measurementValue represents the average
IYS:GoA2020:Stn3:trawl:2-p,IYS:GoA2020:Stn3:trawl:2-p-4,Number of empty stomachs (fullness score - 0), ,1,stomachs,http://vocab.nerc.ac.uk/collection/P06/current/UUUU/,NA
IYS:GoA2020:Stn3:trawl:2-p,IYS:GoA2020:Stn3:trawl:2-p-5,Number of stomachs with middle fullness (fullness score - 1-2), ,12,stomachs,http://vocab.nerc.ac.uk/collection/P06/current/UUUU/,NA
IYS:GoA2020:Stn3:trawl:2-p,IYS:GoA2020:Stn3:trawl:2-p-6,Number of full stomachs (fullness score - 3-4), ,0,stomachs,http://vocab.nerc.ac.uk/collection/P06/current/UUUU/,NA
IYS:GoA2020:Stn3:trawl:3-p,IYS:GoA2020:Stn3:trawl:3-p-1,Stomachs analyzed, ,23,stomachs,http://vocab.nerc.ac.uk/collection/P06/current/UUUU/,NA
IYS:GoA2020:Stn3:trawl:3-p,IYS:GoA2020:Stn3:trawl:3-p-2,"Consumer's average weight, g", ,322,gram,http://vocab.nerc.ac.uk/collection/P06/current/UGRM/,measurementValue represents the average
IYS:GoA2020:Stn3:trawl:3-p,IYS:GoA2020:Stn3:trawl:3-p-3,"Consumer's average length,cm", ,31.4,centimeter,http://vocab.nerc.ac.uk/collection/P06/current/ULCM/,measurementValue represents the average
IYS:GoA2020:Stn3:trawl:3-p,IYS:GoA2020:Stn3:trawl:3-p-4,Number of empty stomachs (fullness score - 0), ,2,stomachs,http://vocab.nerc.ac.uk/collection/P06/current/UUUU/,NA
IYS:GoA2020:Stn3:trawl:3-p,IYS:GoA2020:Stn3:trawl:3-p-5,Number of stomachs with middle fullness (fullness score - 1-2), ,21,stomachs,http://vocab.nerc.ac.uk/collection/P06/current/UUUU/,NA
IYS:GoA2020:Stn3:trawl:3-p,IYS:GoA2020:Stn3:trawl:3-p-6,Number of full stomachs (fullness score - 3-4), ,0,stomachs,http://vocab.nerc.ac.uk/collection/P06/current/UUUU/,NA
IYS:GoA2020:Stn4:trawl:4-p,IYS:GoA2020:Stn4:trawl:4-p-1,Stomachs analyzed, ,9,stomachs,http://vocab.nerc.ac.uk/collection/P06/current/UUUU/,NA
IYS:GoA2020:Stn4:trawl:4-p,IYS:GoA2020:Stn4:trawl:4-p-2,"Consumer's average weight, g", ,594,gram,http://vocab.nerc.ac.uk/collection/P06/current/UGRM/,measurementValue represents the average
IYS:GoA2020:Stn4:trawl:4-p,IYS:GoA2020:Stn4:trawl:4-p-3,"Consumer's average length,cm", ,37.8,centimeter,http://vocab.nerc.ac.uk/collection/P06/current/ULCM/,measurementValue represents the average
IYS:GoA2020:Stn4:trawl:4-p,IYS:GoA2020:Stn4:trawl:4-p-4,Number of empty stomachs (fullness score - 0), ,3,stomachs,http://vocab.nerc.ac.uk/collection/P06/current/UUUU/,NA
IYS:GoA2020:Stn4:trawl:4-p,IYS:GoA2020:Stn4:trawl:4-p-5,Number of stomachs with middle fullness (fullness score - 1-2), ,6,stomachs,http://vocab.nerc.ac.uk/collection/P06/current/UUUU/,NA
IYS:GoA2020:Stn4:trawl:4-p,IYS:GoA2020:Stn4:trawl:4-p-6,Number of full stomachs (fullness score - 3-4), ,0,stomachs,http://vocab.nerc.ac.uk/collection/P06/current/UUUU/,NA
IYS:GoA2020:Stn4:trawl:5-p,IYS:GoA2020:Stn4:trawl:5-p-1,Stomachs analyzed, ,18,stomachs,http://vocab.nerc.ac.uk/collection/P06/current/UUUU/,NA
IYS:GoA2020:Stn4:trawl:5-p,IYS:GoA2020:Stn4:trawl:5-p-2,"Consumer's average weight, g", ,836,gram,http://vocab.nerc.ac.uk/collection/P06/current/UGRM/,measurementValue represents the average
IYS:GoA2020:Stn4:trawl:5-p,IYS:GoA2020:Stn4:trawl:5-p-3,"Consumer's average length,cm", ,42.4,centimeter,http://vocab.nerc.ac.uk/collection/P06/current/ULCM/,measurementValue represents the average
IYS:GoA2020:Stn4:trawl:5-p,IYS:GoA2020:Stn4:trawl:5-p-4,Number of empty stomachs (fullness score - 0), ,7,stomachs,http://vocab.nerc.ac.uk/collection/P06/current/UUUU/,NA
IYS:GoA2020:Stn4:trawl:5-p,IYS:GoA2020:Stn4:trawl:5-p-5,Number of stomachs with middle fullness (fullness score - 1-2), ,11,stomachs,http://vocab.nerc.ac.uk/collection/P06/current/UUUU/,NA
IYS:GoA2020:Stn4:trawl:5-p,IYS:GoA2020:Stn4:trawl:5-p-6,Number of full stomachs (fullness score - 3-4), ,0,stomachs,http://vocab.nerc.ac.uk/collection/P06/current/UUUU/,NA
IYS:GoA2020:Stn4:trawl:6-p,IYS:GoA2020:Stn4:trawl:6-p-1,Stomachs analyzed, ,3,stomachs,http://vocab.nerc.ac.uk/collection/P06/current/UUUU/,NA
IYS:GoA2020:Stn4:trawl:6-p,IYS:GoA2020:Stn4:trawl:6-p-2,"Consumer's average weight, g", ,932,gram,http://vocab.nerc.ac.uk/collection/P06/current/UGRM/,measurementValue represents the average
IYS:GoA2020:Stn4:trawl:6-p,IYS:GoA2020:Stn4:trawl:6-p-3,"Consumer's average length,cm", ,45.6,centimeter,http://vocab.nerc.ac.uk/collection/P06/current/ULCM/,measurementValue represents the average
IYS:GoA2020:Stn4:trawl:6-p,IYS:GoA2020:Stn4:trawl:6-p-4,Number of empty stomachs (fullness score - 0), ,1,stomachs,http://vocab.nerc.ac.uk/collection/P06/current/UUUU/,NA
IYS:GoA2020:Stn4:trawl:6-p,IYS:GoA2020:Stn4:trawl:6-p-5,Number of stomachs with middle fullness (fullness score - 1-2), ,2,stomachs,http://vocab.nerc.ac.uk/collection/P06/current/UUUU/,NA
IYS:GoA2020:Stn4:trawl:6-p,IYS:GoA2020:Stn4:trawl:6-p-6,Number of full stomachs (fullness score - 3-4), ,0,stomachs,http://vocab.nerc.ac.uk/collection/P06/current/UUUU/,NA
IYS:GoA2020:Stn4:trawl:7-p,IYS:GoA2020:Stn4:trawl:7-p-1,Stomachs analyzed, ,7,stomachs,http://vocab.nerc.ac.uk/collection/P06/current/UUUU/,NA
IYS:GoA2020:Stn4:trawl:7-p,IYS:GoA2020:Stn4:trawl:7-p-2,"Consumer's average weight, g", ,1470,gram,http://vocab.nerc.ac.uk/collection/P06/current/UGRM/,measurementValue represents the average
IYS:GoA2020:Stn4:trawl:7-p,IYS:GoA2020:Stn4:trawl:7-p-3,"Consumer's average length,cm", ,52.6,centimeter,http://vocab.nerc.ac.uk/collection/P06/current/ULCM/,measurementValue represents the average
IYS:GoA2020:Stn4:trawl:7-p,IYS:GoA2020:Stn4:trawl:7-p-4,Number of empty stomachs (fullness score - 0), ,1,stomachs,http://vocab.nerc.ac.uk/collection/P06/current/UUUU/,NA
IYS:GoA2020:Stn4:trawl:7-p,IYS:GoA2020:Stn4:trawl:7-p-5,Number of stomachs with middle fullness (fullness score - 1-2), ,6,stomachs,http://vocab.nerc.ac.uk/collection/P06/current/UUUU/,NA
IYS:GoA2020:Stn4:trawl:7-p,IYS:GoA2020:Stn4:trawl:7-p-6,Number of full stomachs (fullness score - 3-4), ,0,stomachs,http://vocab.nerc.ac.uk/collection/P06/current/UUUU/,NA
IYS:GoA2020:Stn5:trawl:8-p,IYS:GoA2020:Stn5:trawl:8-p-1,Stomachs analyzed, ,2,stomachs,http://vocab.nerc.ac.uk/collection/P06/current/UUUU/,NA
IYS:GoA2020:Stn5:trawl:8-p,IYS:GoA2020:Stn5:trawl:8-p-2,"Consumer's average weight, g", ,658,gram,http://vocab.nerc.ac.uk/collection/P06/current/UGRM/,measurementValue represents the average
IYS:GoA2020:Stn5:trawl:8-p,IYS:GoA2020:Stn5:trawl:8-p-3,"Consumer's average length,cm", ,38.6,centimeter,http://vocab.nerc.ac.uk/collection/P06/current/ULCM/,measurementValue represents the average
IYS:GoA2020:Stn5:trawl:8-p,IYS:GoA2020:Stn5:trawl:8-p-4,Number of empty stomachs (fullness score - 0), ,0,stomachs,http://vocab.nerc.ac.uk/collection/P06/current/UUUU/,NA
IYS:GoA2020:Stn5:trawl:8-p,IYS:GoA2020:Stn5:trawl:8-p-5,Number of stomachs with middle fullness (fullness score - 1-2), ,2,stomachs,http://vocab.nerc.ac.uk/collection/P06/current/UUUU/,NA
IYS:GoA2020:Stn5:trawl:8-p,IYS:GoA2020:Stn5:trawl:8-p-6,Number of full stomachs (fullness score - 3-4), ,0,stomachs,http://vocab.nerc.ac.uk/collection/P06/current/UUUU/,NA
IYS:GoA2020:Stn7:trawl:9-p,IYS:GoA2020:Stn7:trawl:9-p-1,Stomachs analyzed, ,2,stomachs,http://vocab.nerc.ac.uk/collection/P06/current/UUUU/,NA
IYS:GoA2020:Stn7:trawl:9-p,IYS:GoA2020:Stn7:trawl:9-p-2,"Consumer's average weight, g", ,520,gram,http://vocab.nerc.ac.uk/collection/P06/current/UGRM/,measurementValue represents the average
IYS:GoA2020:Stn7:trawl:9-p,IYS:GoA2020:Stn7:trawl:9-p-3,"Consumer's average length,cm", ,37.6,centimeter,http://vocab.nerc.ac.uk/collection/P06/current/ULCM/,measurementValue represents the average
IYS:GoA2020:Stn7:trawl:9-p,IYS:GoA2020:Stn7:trawl:9-p-4,Number of empty stomachs (fullness score - 0), ,0,stomachs,http://vocab.nerc.ac.uk/collection/P06/current/UUUU/,NA
IYS:GoA2020:Stn7:trawl:9-p,IYS:GoA2020:Stn7:trawl:9-p-5,Number of stomachs with middle fullness (fullness score - 1-2), ,2,stomachs,http://vocab.nerc.ac.uk/collection/P06/current/UUUU/,NA
IYS:GoA2020:Stn7:trawl:9-p,IYS:GoA2020:Stn7:trawl:9-p-6,Number of full stomachs (fullness score - 3-4), ,0,stomachs,http://vocab.nerc.ac.uk/collection/P06/current/UUUU/,NA
IYS:GoA2020:Stn3:trawl:10-p,IYS:GoA2020:Stn3:trawl:10-p-1,Stomachs analyzed, ,3,stomachs,http://vocab.nerc.ac.uk/collection/P06/current/UUUU/,NA
IYS:GoA2020:Stn3:trawl:10-p,IYS:GoA2020:Stn3:trawl:10-p-2,"Consumer's average weight, g", ,1445,gram,http://vocab.nerc.ac.uk/collection/P06/current/UGRM/,measurementValue represents the average
IYS:GoA2020:Stn3:trawl:10-p,IYS:GoA2020:Stn3:trawl:10-p-3,"Consumer's average length,cm", ,52.4,centimeter,http://vocab.nerc.ac.uk/collection/P06/current/ULCM/,measurementValue represents the average
IYS:GoA2020:Stn3:trawl:10-p,IYS:GoA2020:Stn3:trawl:10-p-4,Number of empty stomachs (fullness score - 0), ,0,stomachs,http://vocab.nerc.ac.uk/collection/P06/current/UUUU/,NA
IYS:GoA2020:Stn3:trawl:10-p,IYS:GoA2020:Stn3:trawl:10-p-5,Number of stomachs with middle fullness (fullness score - 1-2), ,3,stomachs,http://vocab.nerc.ac.uk/collection/P06/current/UUUU/,NA
IYS:GoA2020:Stn3:trawl:10-p,IYS:GoA2020:Stn3:trawl:10-p-6,Number of full stomachs (fullness score - 3-4), ,0,stomachs,http://vocab.nerc.ac.uk/collection/P06/current/UUUU/,NA
IYS:GoA2020:Stn8:trawl:11-p,IYS:GoA2020:Stn8:trawl:11-p-1,Stomachs analyzed, ,1,stomachs,http://vocab.nerc.ac.uk/collection/P06/current/UUUU/,NA
IYS:GoA2020:Stn8:trawl:11-p,IYS:GoA2020:Stn8:trawl:11-p-2,"Consumer's average weight, g", ,555,gram,http://vocab.nerc.ac.uk/collection/P06/current/UGRM/,measurementValue represents the average
IYS:GoA2020:Stn8:trawl:11-p,IYS:GoA2020:Stn8:trawl:11-p-3,"Consumer's average length,cm", ,40.1,centimeter,http://vocab.nerc.ac.uk/collection/P06/current/ULCM/,measurementValue represents the average
IYS:GoA2020:Stn8:trawl:11-p,IYS:GoA2020:Stn8:trawl:11-p-4,Number of empty stomachs (fullness score - 0), ,0,stomachs,http://vocab.nerc.ac.uk/collection/P06/current/UUUU/,NA
IYS:GoA2020:Stn8:trawl:11-p,IYS:GoA2020:Stn8:trawl:11-p-5,Number of stomachs with middle fullness (fullness score - 1-2), ,1,stomachs,http://vocab.nerc.ac.uk/collection/P06/current/UUUU/,NA
IYS:GoA2020:Stn8:trawl:11-p,IYS:GoA2020:Stn8:trawl:11-p-6,Number of full stomachs (fullness score - 3-4), ,0,stomachs,http://vocab.nerc.ac.uk/collection/P06/current/UUUU/,NA
IYS:GoA2020:Stn9:trawl:12-p,IYS:GoA2020:Stn9:trawl:12-p-1,Stomachs analyzed, ,2,stomachs,http://vocab.nerc.ac.uk/collection/P06/current/UUUU/,NA
IYS:GoA2020:Stn9:trawl:12-p,IYS:GoA2020:Stn9:trawl:12-p-2,"Consumer's average weight, g", ,786,gram,http://vocab.nerc.ac.uk/collection/P06/current/UGRM/,measurementValue represents the average
IYS:GoA2020:Stn9:trawl:12-p,IYS:GoA2020:Stn9:trawl:12-p-3,"Consumer's average length,cm", ,41.9,centimeter,http://vocab.nerc.ac.uk/collection/P06/current/ULCM/,measurementValue represents the average
IYS:GoA2020:Stn9:trawl:12-p,IYS:GoA2020:Stn9:trawl:12-p-4,Number of empty stomachs (fullness score - 0), ,0,stomachs,http://vocab.nerc.ac.uk/collection/P06/current/UUUU/,NA
IYS:GoA2020:Stn9:trawl:12-p,IYS:GoA2020:Stn9:trawl:12-p-5,Number of stomachs with middle fullness (fullness score - 1-2), ,2,stomachs,http://vocab.nerc.ac.uk/collection/P06/current/UUUU/,NA
IYS:GoA2020:Stn9:trawl:12-p,IYS:GoA2020:Stn9:trawl:12-p-6,Number of full stomachs (fullness score - 3-4), ,0,stomachs,http://vocab.nerc.ac.uk/collection/P06/current/UUUU/,NA
IYS:GoA2020:Stn10:trawl:13-p,IYS:GoA2020:Stn10:trawl:13-p-1,Stomachs analyzed, ,1,stomachs,http://vocab.nerc.ac.uk/collection/P06/current/UUUU/,NA
IYS:GoA2020:Stn10:trawl:13-p,IYS:GoA2020:Stn10:trawl:13-p-2,"Consumer's average weight, g", ,2251,gram,http://vocab.nerc.ac.uk/collection/P06/current/UGRM/,measurementValue represents the average
IYS:GoA2020:Stn10:trawl:13-p,IYS:GoA2020:Stn10:trawl:13-p-3,"Consumer's average length,cm", ,58.8,centimeter,http://vocab.nerc.ac.uk/collection/P06/current/ULCM/,measurementValue represents the average
IYS:GoA2020:Stn10:trawl:13-p,IYS:GoA2020:Stn10:trawl:13-p-4,Number of empty stomachs (fullness score - 0), ,0,stomachs,http://vocab.nerc.ac.uk/collection/P06/current/UUUU/,NA
IYS:GoA2020:Stn10:trawl:13-p,IYS:GoA2020:Stn10:trawl:13-p-5,Number of stomachs with middle fullness (fullness score - 1-2), ,1,stomachs,http://vocab.nerc.ac.uk/collection/P06/current/UUUU/,NA
IYS:GoA2020:Stn10:trawl:13-p,IYS:GoA2020:Stn10:trawl:13-p-6,Number of full stomachs (fullness score - 3-4), ,0,stomachs,http://vocab.nerc.ac.uk/collection/P06/current/UUUU/,NA
IYS:GoA2020:Stn11:trawl:14-p,IYS:GoA2020:Stn11:trawl:14-p-1,Stomachs analyzed, ,1,stomachs,http://vocab.nerc.ac.uk/collection/P06/current/UUUU/,NA
IYS:GoA2020:Stn11:trawl:14-p,IYS:GoA2020:Stn11:trawl:14-p-2,"Consumer's average weight, g", ,1490,gram,http://vocab.nerc.ac.uk/collection/P06/current/UGRM/,measurementValue represents the average
IYS:GoA2020:Stn11:trawl:14-p,IYS:GoA2020:Stn11:trawl:14-p-3,"Consumer's average length,cm", ,54.7,centimeter,http://vocab.nerc.ac.uk/collection/P06/current/ULCM/,measurementValue represents the average
IYS:GoA2020:Stn11:trawl:14-p,IYS:GoA2020:Stn11:trawl:14-p-4,Number of empty stomachs (fullness score - 0), ,0,stomachs,http://vocab.nerc.ac.uk/collection/P06/current/UUUU/,NA
IYS:GoA2020:Stn11:trawl:14-p,IYS:GoA2020:Stn11:trawl:14-p-5,Number of stomachs with middle fullness (fullness score - 1-2), ,1,stomachs,http://vocab.nerc.ac.uk/collection/P06/current/UUUU/,NA
IYS:GoA2020:Stn11:trawl:14-p,IYS:GoA2020:Stn11:trawl:14-p-6,Number of full stomachs (fullness score - 3-4), ,0,stomachs,http://vocab.nerc.ac.uk/collection/P06/current/UUUU/,NA
IYS:GoA2020:Stn11:trawl:15-p,IYS:GoA2020:Stn11:trawl:15-p-1,Stomachs analyzed, ,3,stomachs,http://vocab.nerc.ac.uk/collection/P06/current/UUUU/,NA
IYS:GoA2020:Stn11:trawl:15-p,IYS:GoA2020:Stn11:trawl:15-p-2,"Consumer's average weight, g", ,418,gram,http://vocab.nerc.ac.uk/collection/P06/current/UGRM/,measurementValue represents the average
IYS:GoA2020:Stn11:trawl:15-p,IYS:GoA2020:Stn11:trawl:15-p-3,"Consumer's average length,cm", ,34.5,centimeter,http://vocab.nerc.ac.uk/collection/P06/current/ULCM/,measurementValue represents the average
IYS:GoA2020:Stn11:trawl:15-p,IYS:GoA2020:Stn11:trawl:15-p-4,Number of empty stomachs (fullness score - 0), ,0,stomachs,http://vocab.nerc.ac.uk/collection/P06/current/UUUU/,NA
IYS:GoA2020:Stn11:trawl:15-p,IYS:GoA2020:Stn11:trawl:15-p-5,Number of stomachs with middle fullness (fullness score - 1-2), ,3,stomachs,http://vocab.nerc.ac.uk/collection/P06/current/UUUU/,NA
IYS:GoA2020:Stn11:trawl:15-p,IYS:GoA2020:Stn11:trawl:15-p-6,Number of full stomachs (fullness score - 3-4), ,0,stomachs,http://vocab.nerc.ac.uk/collection/P06/current/UUUU/,NA
IYS:GoA2020:Stn12:trawl:16-p,IYS:GoA2020:Stn12:trawl:16-p-1,Stomachs analyzed, ,1,stomachs,http://vocab.nerc.ac.uk/collection/P06/current/UUUU/,NA
IYS:GoA2020:Stn12:trawl:16-p,IYS:GoA2020:Stn12:trawl:16-p-2,"Consumer's average weight, g", ,814,gram,http://vocab.nerc.ac.uk/collection/P06/current/UGRM/,measurementValue represents the average
IYS:GoA2020:Stn12:trawl:16-p,IYS:GoA2020:Stn12:trawl:16-p-3,"Consumer's average length,cm", ,44.4,centimeter,http://vocab.nerc.ac.uk/collection/P06/current/ULCM/,measurementValue represents the average
IYS:GoA2020:Stn12:trawl:16-p,IYS:GoA2020:Stn12:trawl:16-p-4,Number of empty stomachs (fullness score - 0), ,0,stomachs,http://vocab.nerc.ac.uk/collection/P06/current/UUUU/,NA
IYS:GoA2020:Stn12:trawl:16-p,IYS:GoA2020:Stn12:trawl:16-p-5,Number of stomachs with middle fullness (fullness score - 1-2), ,1,stomachs,http://vocab.nerc.ac.uk/collection/P06/current/UUUU/,NA
IYS:GoA2020:Stn12:trawl:16-p,IYS:GoA2020:Stn12:trawl:16-p-6,Number of full stomachs (fullness score - 3-4), ,0,stomachs,http://vocab.nerc.ac.uk/collection/P06/current/UUUU/,NA
IYS:GoA2020:Stn13:trawl:17-p,IYS:GoA2020:Stn13:trawl:17-p-1,Stomachs analyzed, ,2,stomachs,http://vocab.nerc.ac.uk/collection/P06/current/UUUU/,NA
IYS:GoA2020:Stn13:trawl:17-p,IYS:GoA2020:Stn13:trawl:17-p-2,"Consumer's average weight, g", ,462,gram,http://vocab.nerc.ac.uk/collection/P06/current/UGRM/,measurementValue represents the average
IYS:GoA2020:Stn13:trawl:17-p,IYS:GoA2020:Stn13:trawl:17-p-3,"Consumer's average length,cm", ,36.2,centimeter,http://vocab.nerc.ac.uk/collection/P06/current/ULCM/,measurementValue represents the average
IYS:GoA2020:Stn13:trawl:17-p,IYS:GoA2020:Stn13:trawl:17-p-4,Number of empty stomachs (fullness score - 0), ,0,stomachs,http://vocab.nerc.ac.uk/collection/P06/current/UUUU/,NA
IYS:GoA2020:Stn13:trawl:17-p,IYS:GoA2020:Stn13:trawl:17-p-5,Number of stomachs with middle fullness (fullness score - 1-2), ,2,stomachs,http://vocab.nerc.ac.uk/collection/P06/current/UUUU/,NA
IYS:GoA2020:Stn13:trawl:17-p,IYS:GoA2020:Stn13:trawl:17-p-6,Number of full stomachs (fullness score - 3-4), ,0,stomachs,http://vocab.nerc.ac.uk/collection/P06/current/UUUU/,NA
IYS:GoA2020:Stn13:trawl:18-p,IYS:GoA2020:Stn13:trawl:18-p-1,Stomachs analyzed, ,3,stomachs,http://vocab.nerc.ac.uk/collection/P06/current/UUUU/,NA
IYS:GoA2020:Stn13:trawl:18-p,IYS:GoA2020:Stn13:trawl:18-p-2,"Consumer's average weight, g", ,556,gram,http://vocab.nerc.ac.uk/collection/P06/current/UGRM/,measurementValue represents the average
IYS:GoA2020:Stn13:trawl:18-p,IYS:GoA2020:Stn13:trawl:18-p-3,"Consumer's average length,cm", ,38.3,centimeter,http://vocab.nerc.ac.uk/collection/P06/current/ULCM/,measurementValue represents the average
IYS:GoA2020:Stn13:trawl:18-p,IYS:GoA2020:Stn13:trawl:18-p-4,Number of empty stomachs (fullness score - 0), ,0,stomachs,http://vocab.nerc.ac.uk/collection/P06/current/UUUU/,NA
IYS:GoA2020:Stn13:trawl:18-p,IYS:GoA2020:Stn13:trawl:18-p-5,Number of stomachs with middle fullness (fullness score - 1-2), ,2,stomachs,http://vocab.nerc.ac.uk/collection/P06/current/UUUU/,NA
IYS:GoA2020:Stn13:trawl:18-p,IYS:GoA2020:Stn13:trawl:18-p-6,Number of full stomachs (fullness score - 3-4), ,1,stomachs,http://vocab.nerc.ac.uk/collection/P06/current/UUUU/,NA
IYS:GoA2020:Stn14:trawl:19-p,IYS:GoA2020:Stn14:trawl:19-p-1,Stomachs analyzed, ,1,stomachs,http://vocab.nerc.ac.uk/collection/P06/current/UUUU/,NA
IYS:GoA2020:Stn14:trawl:19-p,IYS:GoA2020:Stn14:trawl:19-p-2,"Consumer's average weight, g", ,1390,gram,http://vocab.nerc.ac.uk/collection/P06/current/UGRM/,measurementValue represents the average
IYS:GoA2020:Stn14:trawl:19-p,IYS:GoA2020:Stn14:trawl:19-p-3,"Consumer's average length,cm", ,50.8,centimeter,http://vocab.nerc.ac.uk/collection/P06/current/ULCM/,measurementValue represents the average
IYS:GoA2020:Stn14:trawl:19-p,IYS:GoA2020:Stn14:trawl:19-p-4,Number of empty stomachs (fullness score - 0), ,0,stomachs,http://vocab.nerc.ac.uk/collection/P06/current/UUUU/,NA
IYS:GoA2020:Stn14:trawl:19-p,IYS:GoA2020:Stn14:trawl:19-p-5,Number of stomachs with middle fullness (fullness score - 1-2), ,1,stomachs,http://vocab.nerc.ac.uk/collection/P06/current/UUUU/,NA
IYS:GoA2020:Stn14:trawl:19-p,IYS:GoA2020:Stn14:trawl:19-p-6,Number of full stomachs (fullness score - 3-4), ,0,stomachs,http://vocab.nerc.ac.uk/collection/P06/current/UUUU/,NA
IYS:GoA2020:Stn16:trawl:20-p,IYS:GoA2020:Stn16:trawl:20-p-1,Stomachs analyzed, ,4,stomachs,http://vocab.nerc.ac.uk/collection/P06/current/UUUU/,NA
IYS:GoA2020:Stn16:trawl:20-p,IYS:GoA2020:Stn16:trawl:20-p-2,"Consumer's average weight, g", ,581,gram,http://vocab.nerc.ac.uk/collection/P06/current/UGRM/,measurementValue represents the average
IYS:GoA2020:Stn16:trawl:20-p,IYS:GoA2020:Stn16:trawl:20-p-3,"Consumer's average length,cm", ,38.9,centimeter,http://vocab.nerc.ac.uk/collection/P06/current/ULCM/,measurementValue represents the average
IYS:GoA2020:Stn16:trawl:20-p,IYS:GoA2020:Stn16:trawl:20-p-4,Number of empty stomachs (fullness score - 0), ,0,stomachs,http://vocab.nerc.ac.uk/collection/P06/current/UUUU/,NA
IYS:GoA2020:Stn16:trawl:20-p,IYS:GoA2020:Stn16:trawl:20-p-5,Number of stomachs with middle fullness (fullness score - 1-2), ,2,stomachs,http://vocab.nerc.ac.uk/collection/P06/current/UUUU/,NA
IYS:GoA2020:Stn16:trawl:20-p,IYS:GoA2020:Stn16:trawl:20-p-6,Number of full stomachs (fullness score - 3-4), ,2,stomachs,http://vocab.nerc.ac.uk/collection/P06/current/UUUU/,NA
IYS:GoA2020:Stn16:trawl:21-p,IYS:GoA2020:Stn16:trawl:21-p-1,Stomachs analyzed, ,11,stomachs,http://vocab.nerc.ac.uk/collection/P06/current/UUUU/,NA
IYS:GoA2020:Stn16:trawl:21-p,IYS:GoA2020:Stn16:trawl:21-p-2,"Consumer's average weight, g", ,194,gram,http://vocab.nerc.ac.uk/collection/P06/current/UGRM/,measurementValue represents the average
IYS:GoA2020:Stn16:trawl:21-p,IYS:GoA2020:Stn16:trawl:21-p-3,"Consumer's average length,cm", ,26.7,centimeter,http://vocab.nerc.ac.uk/collection/P06/current/ULCM/,measurementValue represents the average
IYS:GoA2020:Stn16:trawl:21-p,IYS:GoA2020:Stn16:trawl:21-p-4,Number of empty stomachs (fullness score - 0), ,0,stomachs,http://vocab.nerc.ac.uk/collection/P06/current/UUUU/,NA
IYS:GoA2020:Stn16:trawl:21-p,IYS:GoA2020:Stn16:trawl:21-p-5,Number of stomachs with middle fullness (fullness score - 1-2), ,9,stomachs,http://vocab.nerc.ac.uk/collection/P06/current/UUUU/,NA
IYS:GoA2020:Stn16:trawl:21-p,IYS:GoA2020:Stn16:trawl:21-p-6,Number of full stomachs (fullness score - 3-4), ,2,stomachs,http://vocab.nerc.ac.uk/collection/P06/current/UUUU/,NA
IYS:GoA2020:Stn16:trawl:22-p,IYS:GoA2020:Stn16:trawl:22-p-1,Stomachs analyzed, ,1,stomachs,http://vocab.nerc.ac.uk/collection/P06/current/UUUU/,NA
IYS:GoA2020:Stn16:trawl:22-p,IYS:GoA2020:Stn16:trawl:22-p-2,"Consumer's average weight, g", ,1408,gram,http://vocab.nerc.ac.uk/collection/P06/current/UGRM/,measurementValue represents the average
IYS:GoA2020:Stn16:trawl:22-p,IYS:GoA2020:Stn16:trawl:22-p-3,"Consumer's average length,cm", ,56.2,centimeter,http://vocab.nerc.ac.uk/collection/P06/current/ULCM/,measurementValue represents the average
IYS:GoA2020:Stn16:trawl:22-p,IYS:GoA2020:Stn16:trawl:22-p-4,Number of empty stomachs (fullness score - 0), ,0,stomachs,http://vocab.nerc.ac.uk/collection/P06/current/UUUU/,NA
IYS:GoA2020:Stn16:trawl:22-p,IYS:GoA2020:Stn16:trawl:22-p-5,Number of stomachs with middle fullness (fullness score - 1-2), ,1,stomachs,http://vocab.nerc.ac.uk/collection/P06/current/UUUU/,NA
IYS:GoA2020:Stn16:trawl:22-p,IYS:GoA2020:Stn16:trawl:22-p-6,Number of full stomachs (fullness score - 3-4), ,0,stomachs,http://vocab.nerc.ac.uk/collection/P06/current/UUUU/,NA
IYS:GoA2020:Stn17:trawl:23-p,IYS:GoA2020:Stn17:trawl:23-p-1,Stomachs analyzed, ,5,stomachs,http://vocab.nerc.ac.uk/collection/P06/current/UUUU/,NA
IYS:GoA2020:Stn17:trawl:23-p,IYS:GoA2020:Stn17:trawl:23-p-2,"Consumer's average weight, g", ,200,gram,http://vocab.nerc.ac.uk/collection/P06/current/UGRM/,measurementValue represents the average
IYS:GoA2020:Stn17:trawl:23-p,IYS:GoA2020:Stn17:trawl:23-p-3,"Consumer's average length,cm", ,27.3,centimeter,http://vocab.nerc.ac.uk/collection/P06/current/ULCM/,measurementValue represents the average
IYS:GoA2020:Stn17:trawl:23-p,IYS:GoA2020:Stn17:trawl:23-p-4,Number of empty stomachs (fullness score - 0), ,0,stomachs,http://vocab.nerc.ac.uk/collection/P06/current/UUUU/,NA
IYS:GoA2020:Stn17:trawl:23-p,IYS:GoA2020:Stn17:trawl:23-p-5,Number of stomachs with middle fullness (fullness score - 1-2), ,5,stomachs,http://vocab.nerc.ac.uk/collection/P06/current/UUUU/,NA
IYS:GoA2020:Stn17:trawl:23-p,IYS:GoA2020:Stn17:trawl:23-p-6,Number of full stomachs (fullness score - 3-4), ,0,stomachs,http://vocab.nerc.ac.uk/collection/P06/current/UUUU/,NA
IYS:GoA2020:Stn17:trawl:24-p,IYS:GoA2020:Stn17:trawl:24-p-1,Stomachs analyzed, ,4,stomachs,http://vocab.nerc.ac.uk/collection/P06/current/UUUU/,NA
IYS:GoA2020:Stn17:trawl:24-p,IYS:GoA2020:Stn17:trawl:24-p-2,"Consumer's average weight, g", ,519,gram,http://vocab.nerc.ac.uk/collection/P06/current/UGRM/,measurementValue represents the average
IYS:GoA2020:Stn17:trawl:24-p,IYS:GoA2020:Stn17:trawl:24-p-3,"Consumer's average length,cm", ,37.1,centimeter,http://vocab.nerc.ac.uk/collection/P06/current/ULCM/,measurementValue represents the average
IYS:GoA2020:Stn17:trawl:24-p,IYS:GoA2020:Stn17:trawl:24-p-4,Number of empty stomachs (fullness score - 0), ,2,stomachs,http://vocab.nerc.ac.uk/collection/P06/current/UUUU/,NA
IYS:GoA2020:Stn17:trawl:24-p,IYS:GoA2020:Stn17:trawl:24-p-5,Number of stomachs with middle fullness (fullness score - 1-2), ,2,stomachs,http://vocab.nerc.ac.uk/collection/P06/current/UUUU/,NA
IYS:GoA2020:Stn17:trawl:24-p,IYS:GoA2020:Stn17:trawl:24-p-6,Number of full stomachs (fullness score - 3-4), ,0,stomachs,http://vocab.nerc.ac.uk/collection/P06/current/UUUU/,NA
IYS:GoA2020:Stn17:trawl:25-p,IYS:GoA2020:Stn17:trawl:25-p-1,Stomachs analyzed, ,2,stomachs,http://vocab.nerc.ac.uk/collection/P06/current/UUUU/,NA
IYS:GoA2020:Stn17:trawl:25-p,IYS:GoA2020:Stn17:trawl:25-p-2,"Consumer's average weight, g", ,990,gram,http://vocab.nerc.ac.uk/collection/P06/current/UGRM/,measurementValue represents the average
IYS:GoA2020:Stn17:trawl:25-p,IYS:GoA2020:Stn17:trawl:25-p-3,"Consumer's average length,cm", ,46.9,centimeter,http://vocab.nerc.ac.uk/collection/P06/current/ULCM/,measurementValue represents the average
IYS:GoA2020:Stn17:trawl:25-p,IYS:GoA2020:Stn17:trawl:25-p-4,Number of empty stomachs (fullness score - 0), ,0,stomachs,http://vocab.nerc.ac.uk/collection/P06/current/UUUU/,NA
IYS:GoA2020:Stn17:trawl:25-p,IYS:GoA2020:Stn17:trawl:25-p-5,Number of stomachs with middle fullness (fullness score - 1-2), ,2,stomachs,http://vocab.nerc.ac.uk/collection/P06/current/UUUU/,NA
IYS:GoA2020:Stn17:trawl:25-p,IYS:GoA2020:Stn17:trawl:25-p-6,Number of full stomachs (fullness score - 3-4), ,0,stomachs,http://vocab.nerc.ac.uk/collection/P06/current/UUUU/,NA
IYS:GoA2020:Stn17:trawl:26-p,IYS:GoA2020:Stn17:trawl:26-p-1,Stomachs analyzed, ,1,stomachs,http://vocab.nerc.ac.uk/collection/P06/current/UUUU/,NA
IYS:GoA2020:Stn17:trawl:26-p,IYS:GoA2020:Stn17:trawl:26-p-2,"Consumer's average weight, g", ,392,gram,http://vocab.nerc.ac.uk/collection/P06/current/UGRM/,measurementValue represents the average
IYS:GoA2020:Stn17:trawl:26-p,IYS:GoA2020:Stn17:trawl:26-p-3,"Consumer's average length,cm", ,36,centimeter,http://vocab.nerc.ac.uk/collection/P06/current/ULCM/,measurementValue represents the average
IYS:GoA2020:Stn17:trawl:26-p,IYS:GoA2020:Stn17:trawl:26-p-4,Number of empty stomachs (fullness score - 0), ,0,stomachs,http://vocab.nerc.ac.uk/collection/P06/current/UUUU/,NA
IYS:GoA2020:Stn17:trawl:26-p,IYS:GoA2020:Stn17:trawl:26-p-5,Number of stomachs with middle fullness (fullness score - 1-2), ,1,stomachs,http://vocab.nerc.ac.uk/collection/P06/current/UUUU/,NA
IYS:GoA2020:Stn17:trawl:26-p,IYS:GoA2020:Stn17:trawl:26-p-6,Number of full stomachs (fullness score - 3-4), ,0,stomachs,http://vocab.nerc.ac.uk/collection/P06/current/UUUU/,NA
IYS:GoA2020:Stn19:trawl:27-p,IYS:GoA2020:Stn19:trawl:27-p-1,Stomachs analyzed, ,16,stomachs,http://vocab.nerc.ac.uk/collection/P06/current/UUUU/,NA
IYS:GoA2020:Stn19:trawl:27-p,IYS:GoA2020:Stn19:trawl:27-p-2,"Consumer's average weight, g", ,884,gram,http://vocab.nerc.ac.uk/collection/P06/current/UGRM/,measurementValue represents the average
IYS:GoA2020:Stn19:trawl:27-p,IYS:GoA2020:Stn19:trawl:27-p-3,"Consumer's average length,cm", ,45.8,centimeter,http://vocab.nerc.ac.uk/collection/P06/current/ULCM/,measurementValue represents the average
IYS:GoA2020:Stn19:trawl:27-p,IYS:GoA2020:Stn19:trawl:27-p-4,Number of empty stomachs (fullness score - 0), ,0,stomachs,http://vocab.nerc.ac.uk/collection/P06/current/UUUU/,NA
IYS:GoA2020:Stn19:trawl:27-p,IYS:GoA2020:Stn19:trawl:27-p-5,Number of stomachs with middle fullness (fullness score - 1-2), ,13,stomachs,http://vocab.nerc.ac.uk/collection/P06/current/UUUU/,NA
IYS:GoA2020:Stn19:trawl:27-p,IYS:GoA2020:Stn19:trawl:27-p-6,Number of full stomachs (fullness score - 3-4), ,3,stomachs,http://vocab.nerc.ac.uk/collection/P06/current/UUUU/,NA
IYS:GoA2020:Stn19:trawl:28-p,IYS:GoA2020:Stn19:trawl:28-p-1,Stomachs analyzed, ,2,stomachs,http://vocab.nerc.ac.uk/collection/P06/current/UUUU/,NA
IYS:GoA2020:Stn19:trawl:28-p,IYS:GoA2020:Stn19:trawl:28-p-2,"Consumer's average weight, g", ,1334,gram,http://vocab.nerc.ac.uk/collection/P06/current/UGRM/,measurementValue represents the average
IYS:GoA2020:Stn19:trawl:28-p,IYS:GoA2020:Stn19:trawl:28-p-3,"Consumer's average length,cm", ,52.1,centimeter,http://vocab.nerc.ac.uk/collection/P06/current/ULCM/,measurementValue represents the average
IYS:GoA2020:Stn19:trawl:28-p,IYS:GoA2020:Stn19:trawl:28-p-4,Number of empty stomachs (fullness score - 0), ,0,stomachs,http://vocab.nerc.ac.uk/collection/P06/current/UUUU/,NA
IYS:GoA2020:Stn19:trawl:28-p,IYS:GoA2020:Stn19:trawl:28-p-5,Number of stomachs with middle fullness (fullness score - 1-2), ,2,stomachs,http://vocab.nerc.ac.uk/collection/P06/current/UUUU/,NA
IYS:GoA2020:Stn19:trawl:28-p,IYS:GoA2020:Stn19:trawl:28-p-6,Number of full stomachs (fullness score - 3-4), ,0,stomachs,http://vocab.nerc.ac.uk/collection/P06/current/UUUU/,NA
IYS:GoA2020:Stn19:trawl:29-p,IYS:GoA2020:Stn19:trawl:29-p-1,Stomachs analyzed, ,2,stomachs,http://vocab.nerc.ac.uk/collection/P06/current/UUUU/,NA
IYS:GoA2020:Stn19:trawl:29-p,IYS:GoA2020:Stn19:trawl:29-p-2,"Consumer's average weight, g", ,578,gram,http://vocab.nerc.ac.uk/collection/P06/current/UGRM/,measurementValue represents the average
IYS:GoA2020:Stn19:trawl:29-p,IYS:GoA2020:Stn19:trawl:29-p-3,"Consumer's average length,cm", ,39.4,centimeter,http://vocab.nerc.ac.uk/collection/P06/current/ULCM/,measurementValue represents the average
IYS:GoA2020:Stn19:trawl:29-p,IYS:GoA2020:Stn19:trawl:29-p-4,Number of empty stomachs (fullness score - 0), ,0,stomachs,http://vocab.nerc.ac.uk/collection/P06/current/UUUU/,NA
IYS:GoA2020:Stn19:trawl:29-p,IYS:GoA2020:Stn19:trawl:29-p-5,Number of stomachs with middle fullness (fullness score - 1-2), ,2,stomachs,http://vocab.nerc.ac.uk/collection/P06/current/UUUU/,NA
IYS:GoA2020:Stn19:trawl:29-p,IYS:GoA2020:Stn19:trawl:29-p-6,Number of full stomachs (fullness score - 3-4), ,0,stomachs,http://vocab.nerc.ac.uk/collection/P06/current/UUUU/,NA
IYS:GoA2020:Stn20:trawl:30-p,IYS:GoA2020:Stn20:trawl:30-p-1,Stomachs analyzed, ,1,stomachs,http://vocab.nerc.ac.uk/collection/P06/current/UUUU/,NA
IYS:GoA2020:Stn20:trawl:30-p,IYS:GoA2020:Stn20:trawl:30-p-2,"Consumer's average weight, g", ,463,gram,http://vocab.nerc.ac.uk/collection/P06/current/UGRM/,measurementValue represents the average
IYS:GoA2020:Stn20:trawl:30-p,IYS:GoA2020:Stn20:trawl:30-p-3,"Consumer's average length,cm", ,36,centimeter,http://vocab.nerc.ac.uk/collection/P06/current/ULCM/,measurementValue represents the average
IYS:GoA2020:Stn20:trawl:30-p,IYS:GoA2020:Stn20:trawl:30-p-4,Number of empty stomachs (fullness score - 0), ,0,stomachs,http://vocab.nerc.ac.uk/collection/P06/current/UUUU/,NA
IYS:GoA2020:Stn20:trawl:30-p,IYS:GoA2020:Stn20:trawl:30-p-5,Number of stomachs with middle fullness (fullness score - 1-2), ,1,stomachs,http://vocab.nerc.ac.uk/collection/P06/current/UUUU/,NA
IYS:GoA2020:Stn20:trawl:30-p,IYS:GoA2020:Stn20:trawl:30-p-6,Number of full stomachs (fullness score - 3-4), ,0,stomachs,http://vocab.nerc.ac.uk/collection/P06/current/UUUU/,NA
IYS:GoA2020:Stn20:trawl:31-p,IYS:GoA2020:Stn20:trawl:31-p-1,Stomachs analyzed, ,6,stomachs,http://vocab.nerc.ac.uk/collection/P06/current/UUUU/,NA
IYS:GoA2020:Stn20:trawl:31-p,IYS:GoA2020:Stn20:trawl:31-p-2,"Consumer's average weight, g", ,541,gram,http://vocab.nerc.ac.uk/collection/P06/current/UGRM/,measurementValue represents the average
IYS:GoA2020:Stn20:trawl:31-p,IYS:GoA2020:Stn20:trawl:31-p-3,"Consumer's average length,cm", ,37.1,centimeter,http://vocab.nerc.ac.uk/collection/P06/current/ULCM/,measurementValue represents the average
IYS:GoA2020:Stn20:trawl:31-p,IYS:GoA2020:Stn20:trawl:31-p-4,Number of empty stomachs (fullness score - 0), ,1,stomachs,http://vocab.nerc.ac.uk/collection/P06/current/UUUU/,NA
IYS:GoA2020:Stn20:trawl:31-p,IYS:GoA2020:Stn20:trawl:31-p-5,Number of stomachs with middle fullness (fullness score - 1-2), ,4,stomachs,http://vocab.nerc.ac.uk/collection/P06/current/UUUU/,NA
IYS:GoA2020:Stn20:trawl:31-p,IYS:GoA2020:Stn20:trawl:31-p-6,Number of full stomachs (fullness score - 3-4), ,1,stomachs,http://vocab.nerc.ac.uk/collection/P06/current/UUUU/,NA
IYS:GoA2020:Stn21:trawl:32-p,IYS:GoA2020:Stn21:trawl:32-p-1,Stomachs analyzed, ,1,stomachs,http://vocab.nerc.ac.uk/collection/P06/current/UUUU/,NA
IYS:GoA2020:Stn21:trawl:32-p,IYS:GoA2020:Stn21:trawl:32-p-2,"Consumer's average weight, g", ,686,gram,http://vocab.nerc.ac.uk/collection/P06/current/UGRM/,measurementValue represents the average
IYS:GoA2020:Stn21:trawl:32-p,IYS:GoA2020:Stn21:trawl:32-p-3,"Consumer's average length,cm", ,42.9,centimeter,http://vocab.nerc.ac.uk/collection/P06/current/ULCM/,measurementValue represents the average
IYS:GoA2020:Stn21:trawl:32-p,IYS:GoA2020:Stn21:trawl:32-p-4,Number of empty stomachs (fullness score - 0), ,0,stomachs,http://vocab.nerc.ac.uk/collection/P06/current/UUUU/,NA
IYS:GoA2020:Stn21:trawl:32-p,IYS:GoA2020:Stn21:trawl:32-p-5,Number of stomachs with middle fullness (fullness score - 1-2), ,1,stomachs,http://vocab.nerc.ac.uk/collection/P06/current/UUUU/,NA
IYS:GoA2020:Stn21:trawl:32-p,IYS:GoA2020:Stn21:trawl:32-p-6,Number of full stomachs (fullness score - 3-4), ,0,stomachs,http://vocab.nerc.ac.uk/collection/P06/current/UUUU/,NA
IYS:GoA2020:Stn22:trawl:33-p,IYS:GoA2020:Stn22:trawl:33-p-1,Stomachs analyzed, ,1,stomachs,http://vocab.nerc.ac.uk/collection/P06/current/UUUU/,NA
IYS:GoA2020:Stn22:trawl:33-p,IYS:GoA2020:Stn22:trawl:33-p-2,"Consumer's average weight, g", ,250,gram,http://vocab.nerc.ac.uk/collection/P06/current/UGRM/,measurementValue represents the average
IYS:GoA2020:Stn22:trawl:33-p,IYS:GoA2020:Stn22:trawl:33-p-3,"Consumer's average length,cm", ,28.5,centimeter,http://vocab.nerc.ac.uk/collection/P06/current/ULCM/,measurementValue represents the average
IYS:GoA2020:Stn22:trawl:33-p,IYS:GoA2020:Stn22:trawl:33-p-4,Number of empty stomachs (fullness score - 0), ,0,stomachs,http://vocab.nerc.ac.uk/collection/P06/current/UUUU/,NA
IYS:GoA2020:Stn22:trawl:33-p,IYS:GoA2020:Stn22:trawl:33-p-5,Number of stomachs with middle fullness (fullness score - 1-2), ,0,stomachs,http://vocab.nerc.ac.uk/collection/P06/current/UUUU/,NA
IYS:GoA2020:Stn22:trawl:33-p,IYS:GoA2020:Stn22:trawl:33-p-6,Number of full stomachs (fullness score - 3-4), ,1,stomachs,http://vocab.nerc.ac.uk/collection/P06/current/UUUU/,NA
IYS:GoA2020:Stn25:trawl:34-p,IYS:GoA2020:Stn25:trawl:34-p-1,Stomachs analyzed, ,7,stomachs,http://vocab.nerc.ac.uk/collection/P06/current/UUUU/,NA
IYS:GoA2020:Stn25:trawl:34-p,IYS:GoA2020:Stn25:trawl:34-p-2,"Consumer's average weight, g", ,339,gram,http://vocab.nerc.ac.uk/collection/P06/current/UGRM/,measurementValue represents the average
IYS:GoA2020:Stn25:trawl:34-p,IYS:GoA2020:Stn25:trawl:34-p-3,"Consumer's average length,cm", ,31.2,centimeter,http://vocab.nerc.ac.uk/collection/P06/current/ULCM/,measurementValue represents the average
IYS:GoA2020:Stn25:trawl:34-p,IYS:GoA2020:Stn25:trawl:34-p-4,Number of empty stomachs (fullness score - 0), ,0,stomachs,http://vocab.nerc.ac.uk/collection/P06/current/UUUU/,NA
IYS:GoA2020:Stn25:trawl:34-p,IYS:GoA2020:Stn25:trawl:34-p-5,Number of stomachs with middle fullness (fullness score - 1-2), ,0,stomachs,http://vocab.nerc.ac.uk/collection/P06/current/UUUU/,NA
IYS:GoA2020:Stn25:trawl:34-p,IYS:GoA2020:Stn25:trawl:34-p-6,Number of full stomachs (fullness score - 3-4), ,7,stomachs,http://vocab.nerc.ac.uk/collection/P06/current/UUUU/,NA
IYS:GoA2020:Stn25:trawl:35-p,IYS:GoA2020:Stn25:trawl:35-p-1,Stomachs analyzed, ,19,stomachs,http://vocab.nerc.ac.uk/collection/P06/current/UUUU/,NA
IYS:GoA2020:Stn25:trawl:35-p,IYS:GoA2020:Stn25:trawl:35-p-2,"Consumer's average weight, g", ,209,gram,http://vocab.nerc.ac.uk/collection/P06/current/UGRM/,measurementValue represents the average
IYS:GoA2020:Stn25:trawl:35-p,IYS:GoA2020:Stn25:trawl:35-p-3,"Consumer's average length,cm", ,26.9,centimeter,http://vocab.nerc.ac.uk/collection/P06/current/ULCM/,measurementValue represents the average
IYS:GoA2020:Stn25:trawl:35-p,IYS:GoA2020:Stn25:trawl:35-p-4,Number of empty stomachs (fullness score - 0), ,0,stomachs,http://vocab.nerc.ac.uk/collection/P06/current/UUUU/,NA
IYS:GoA2020:Stn25:trawl:35-p,IYS:GoA2020:Stn25:trawl:35-p-5,Number of stomachs with middle fullness (fullness score - 1-2), ,4,stomachs,http://vocab.nerc.ac.uk/collection/P06/current/UUUU/,NA
IYS:GoA2020:Stn25:trawl:35-p,IYS:GoA2020:Stn25:trawl:35-p-6,Number of full stomachs (fullness score - 3-4), ,15,stomachs,http://vocab.nerc.ac.uk/collection/P06/current/UUUU/,NA
IYS:GoA2020:Stn25:trawl:36-p,IYS:GoA2020:Stn25:trawl:36-p-1,Stomachs analyzed, ,3,stomachs,http://vocab.nerc.ac.uk/collection/P06/current/UUUU/,NA
IYS:GoA2020:Stn25:trawl:36-p,IYS:GoA2020:Stn25:trawl:36-p-2,"Consumer's average weight, g", ,3374,gram,http://vocab.nerc.ac.uk/collection/P06/current/UGRM/,measurementValue represents the average
IYS:GoA2020:Stn25:trawl:36-p,IYS:GoA2020:Stn25:trawl:36-p-3,"Consumer's average length,cm", ,66.1,centimeter,http://vocab.nerc.ac.uk/collection/P06/current/ULCM/,measurementValue represents the average
IYS:GoA2020:Stn25:trawl:36-p,IYS:GoA2020:Stn25:trawl:36-p-4,Number of empty stomachs (fullness score - 0), ,0,stomachs,http://vocab.nerc.ac.uk/collection/P06/current/UUUU/,NA
IYS:GoA2020:Stn25:trawl:36-p,IYS:GoA2020:Stn25:trawl:36-p-5,Number of stomachs with middle fullness (fullness score - 1-2), ,0,stomachs,http://vocab.nerc.ac.uk/collection/P06/current/UUUU/,NA
IYS:GoA2020:Stn25:trawl:36-p,IYS:GoA2020:Stn25:trawl:36-p-6,Number of full stomachs (fullness score - 3-4), ,3,stomachs,http://vocab.nerc.ac.uk/collection/P06/current/UUUU/,NA
IYS:GoA2020:Stn25:trawl:37-p,IYS:GoA2020:Stn25:trawl:37-p-1,Stomachs analyzed, ,14,stomachs,http://vocab.nerc.ac.uk/collection/P06/current/UUUU/,NA
IYS:GoA2020:Stn25:trawl:37-p,IYS:GoA2020:Stn25:trawl:37-p-2,"Consumer's average weight, g", ,207,gram,http://vocab.nerc.ac.uk/collection/P06/current/UGRM/,measurementValue represents the average
IYS:GoA2020:Stn25:trawl:37-p,IYS:GoA2020:Stn25:trawl:37-p-3,"Consumer's average length,cm", ,26.6,centimeter,http://vocab.nerc.ac.uk/collection/P06/current/ULCM/,measurementValue represents the average
IYS:GoA2020:Stn25:trawl:37-p,IYS:GoA2020:Stn25:trawl:37-p-4,Number of empty stomachs (fullness score - 0), ,0,stomachs,http://vocab.nerc.ac.uk/collection/P06/current/UUUU/,NA
IYS:GoA2020:Stn25:trawl:37-p,IYS:GoA2020:Stn25:trawl:37-p-5,Number of stomachs with middle fullness (fullness score - 1-2), ,4,stomachs,http://vocab.nerc.ac.uk/collection/P06/current/UUUU/,NA
IYS:GoA2020:Stn25:trawl:37-p,IYS:GoA2020:Stn25:trawl:37-p-6,Number of full stomachs (fullness score - 3-4), ,10,stomachs,http://vocab.nerc.ac.uk/collection/P06/current/UUUU/,NA
IYS:GoA2020:Stn25:trawl:38-p,IYS:GoA2020:Stn25:trawl:38-p-1,Stomachs analyzed, ,2,stomachs,http://vocab.nerc.ac.uk/collection/P06/current/UUUU/,NA
IYS:GoA2020:Stn25:trawl:38-p,IYS:GoA2020:Stn25:trawl:38-p-2,"Consumer's average weight, g", ,1468,gram,http://vocab.nerc.ac.uk/collection/P06/current/UGRM/,measurementValue represents the average
IYS:GoA2020:Stn25:trawl:38-p,IYS:GoA2020:Stn25:trawl:38-p-3,"Consumer's average length,cm", ,45,centimeter,http://vocab.nerc.ac.uk/collection/P06/current/ULCM/,measurementValue represents the average
IYS:GoA2020:Stn25:trawl:38-p,IYS:GoA2020:Stn25:trawl:38-p-4,Number of empty stomachs (fullness score - 0), ,0,stomachs,http://vocab.nerc.ac.uk/collection/P06/current/UUUU/,NA
IYS:GoA2020:Stn25:trawl:38-p,IYS:GoA2020:Stn25:trawl:38-p-5,Number of stomachs with middle fullness (fullness score - 1-2), ,0,stomachs,http://vocab.nerc.ac.uk/collection/P06/current/UUUU/,NA
IYS:GoA2020:Stn25:trawl:38-p,IYS:GoA2020:Stn25:trawl:38-p-6,Number of full stomachs (fullness score - 3-4), ,2,stomachs,http://vocab.nerc.ac.uk/collection/P06/current/UUUU/,NA
IYS:GoA2020:Stn26:trawl:39-p,IYS:GoA2020:Stn26:trawl:39-p-1,Stomachs analyzed, ,1,stomachs,http://vocab.nerc.ac.uk/collection/P06/current/UUUU/,NA
IYS:GoA2020:Stn26:trawl:39-p,IYS:GoA2020:Stn26:trawl:39-p-2,"Consumer's average weight, g", ,411,gram,http://vocab.nerc.ac.uk/collection/P06/current/UGRM/,measurementValue represents the average
IYS:GoA2020:Stn26:trawl:39-p,IYS:GoA2020:Stn26:trawl:39-p-3,"Consumer's average length,cm", ,32.7,centimeter,http://vocab.nerc.ac.uk/collection/P06/current/ULCM/,measurementValue represents the average
IYS:GoA2020:Stn26:trawl:39-p,IYS:GoA2020:Stn26:trawl:39-p-4,Number of empty stomachs (fullness score - 0), ,0,stomachs,http://vocab.nerc.ac.uk/collection/P06/current/UUUU/,NA
IYS:GoA2020:Stn26:trawl:39-p,IYS:GoA2020:Stn26:trawl:39-p-5,Number of stomachs with middle fullness (fullness score - 1-2), ,0,stomachs,http://vocab.nerc.ac.uk/collection/P06/current/UUUU/,NA
IYS:GoA2020:Stn26:trawl:39-p,IYS:GoA2020:Stn26:trawl:39-p-6,Number of full stomachs (fullness score - 3-4), ,1,stomachs,http://vocab.nerc.ac.uk/collection/P06/current/UUUU/,NA
IYS:GoA2020:Stn28:trawl:40-p,IYS:GoA2020:Stn28:trawl:40-p-1,Stomachs analyzed, ,1,stomachs,http://vocab.nerc.ac.uk/collection/P06/current/UUUU/,NA
IYS:GoA2020:Stn28:trawl:40-p,IYS:GoA2020:Stn28:trawl:40-p-2,"Consumer's average weight, g", ,1635,gram,http://vocab.nerc.ac.uk/collection/P06/current/UGRM/,measurementValue represents the average
IYS:GoA2020:Stn28:trawl:40-p,IYS:GoA2020:Stn28:trawl:40-p-3,"Consumer's average length,cm", ,54.9,centimeter,http://vocab.nerc.ac.uk/collection/P06/current/ULCM/,measurementValue represents the average
IYS:GoA2020:Stn28:trawl:40-p,IYS:GoA2020:Stn28:trawl:40-p-4,Number of empty stomachs (fullness score - 0), ,0,stomachs,http://vocab.nerc.ac.uk/collection/P06/current/UUUU/,NA
IYS:GoA2020:Stn28:trawl:40-p,IYS:GoA2020:Stn28:trawl:40-p-5,Number of stomachs with middle fullness (fullness score - 1-2), ,1,stomachs,http://vocab.nerc.ac.uk/collection/P06/current/UUUU/,NA
IYS:GoA2020:Stn28:trawl:40-p,IYS:GoA2020:Stn28:trawl:40-p-6,Number of full stomachs (fullness score - 3-4), ,0,stomachs,http://vocab.nerc.ac.uk/collection/P06/current/UUUU/,NA
IYS:GoA2020:Stn29:trawl:41-p,IYS:GoA2020:Stn29:trawl:41-p-1,Stomachs analyzed, ,4,stomachs,http://vocab.nerc.ac.uk/collection/P06/current/UUUU/,NA
IYS:GoA2020:Stn29:trawl:41-p,IYS:GoA2020:Stn29:trawl:41-p-2,"Consumer's average weight, g", ,1528,gram,http://vocab.nerc.ac.uk/collection/P06/current/UGRM/,measurementValue represents the average
IYS:GoA2020:Stn29:trawl:41-p,IYS:GoA2020:Stn29:trawl:41-p-3,"Consumer's average length,cm", ,53.3,centimeter,http://vocab.nerc.ac.uk/collection/P06/current/ULCM/,measurementValue represents the average
IYS:GoA2020:Stn29:trawl:41-p,IYS:GoA2020:Stn29:trawl:41-p-4,Number of empty stomachs (fullness score - 0), ,0,stomachs,http://vocab.nerc.ac.uk/collection/P06/current/UUUU/,NA
IYS:GoA2020:Stn29:trawl:41-p,IYS:GoA2020:Stn29:trawl:41-p-5,Number of stomachs with middle fullness (fullness score - 1-2), ,4,stomachs,http://vocab.nerc.ac.uk/collection/P06/current/UUUU/,NA
IYS:GoA2020:Stn29:trawl:41-p,IYS:GoA2020:Stn29:trawl:41-p-6,Number of full stomachs (fullness score - 3-4), ,0,stomachs,http://vocab.nerc.ac.uk/collection/P06/current/UUUU/,NA
IYS:GoA2020:Stn30:trawl:42-p,IYS:GoA2020:Stn30:trawl:42-p-1,Stomachs analyzed, ,1,stomachs,http://vocab.nerc.ac.uk/collection/P06/current/UUUU/,NA
IYS:GoA2020:Stn30:trawl:42-p,IYS:GoA2020:Stn30:trawl:42-p-2,"Consumer's average weight, g", ,2059,gram,http://vocab.nerc.ac.uk/collection/P06/current/UGRM/,measurementValue represents the average
IYS:GoA2020:Stn30:trawl:42-p,IYS:GoA2020:Stn30:trawl:42-p-3,"Consumer's average length,cm", ,52.1,centimeter,http://vocab.nerc.ac.uk/collection/P06/current/ULCM/,measurementValue represents the average
IYS:GoA2020:Stn30:trawl:42-p,IYS:GoA2020:Stn30:trawl:42-p-4,Number of empty stomachs (fullness score - 0), ,0,stomachs,http://vocab.nerc.ac.uk/collection/P06/current/UUUU/,NA
IYS:GoA2020:Stn30:trawl:42-p,IYS:GoA2020:Stn30:trawl:42-p-5,Number of stomachs with middle fullness (fullness score - 1-2), ,0,stomachs,http://vocab.nerc.ac.uk/collection/P06/current/UUUU/,NA
IYS:GoA2020:Stn30:trawl:42-p,IYS:GoA2020:Stn30:trawl:42-p-6,Number of full stomachs (fullness score - 3-4), ,1,stomachs,http://vocab.nerc.ac.uk/collection/P06/current/UUUU/,NA
IYS:GoA2020:Stn30:trawl:43-p,IYS:GoA2020:Stn30:trawl:43-p-1,Stomachs analyzed, ,1,stomachs,http://vocab.nerc.ac.uk/collection/P06/current/UUUU/,NA
IYS:GoA2020:Stn30:trawl:43-p,IYS:GoA2020:Stn30:trawl:43-p-2,"Consumer's average weight, g", ,1450,gram,http://vocab.nerc.ac.uk/collection/P06/current/UGRM/,measurementValue represents the average
IYS:GoA2020:Stn30:trawl:43-p,IYS:GoA2020:Stn30:trawl:43-p-3,"Consumer's average length,cm", ,47.8,centimeter,http://vocab.nerc.ac.uk/collection/P06/current/ULCM/,measurementValue represents the average
IYS:GoA2020:Stn30:trawl:43-p,IYS:GoA2020:Stn30:trawl:43-p-4,Number of empty stomachs (fullness score - 0), ,0,stomachs,http://vocab.nerc.ac.uk/collection/P06/current/UUUU/,NA
IYS:GoA2020:Stn30:trawl:43-p,IYS:GoA2020:Stn30:trawl:43-p-5,Number of stomachs with middle fullness (fullness score - 1-2), ,1,stomachs,http://vocab.nerc.ac.uk/collection/P06/current/UUUU/,NA
IYS:GoA2020:Stn30:trawl:43-p,IYS:GoA2020:Stn30:trawl:43-p-6,Number of full stomachs (fullness score - 3-4), ,0,stomachs,http://vocab.nerc.ac.uk/collection/P06/current/UUUU/,NA
IYS:GoA2020:Stn31:trawl:44-p,IYS:GoA2020:Stn31:trawl:44-p-1,Stomachs analyzed, ,1,stomachs,http://vocab.nerc.ac.uk/collection/P06/current/UUUU/,NA
IYS:GoA2020:Stn31:trawl:44-p,IYS:GoA2020:Stn31:trawl:44-p-2,"Consumer's average weight, g", ,338,gram,http://vocab.nerc.ac.uk/collection/P06/current/UGRM/,measurementValue represents the average
IYS:GoA2020:Stn31:trawl:44-p,IYS:GoA2020:Stn31:trawl:44-p-3,"Consumer's average length,cm", ,31.5,centimeter,http://vocab.nerc.ac.uk/collection/P06/current/ULCM/,measurementValue represents the average
IYS:GoA2020:Stn31:trawl:44-p,IYS:GoA2020:Stn31:trawl:44-p-4,Number of empty stomachs (fullness score - 0), ,0,stomachs,http://vocab.nerc.ac.uk/collection/P06/current/UUUU/,NA
IYS:GoA2020:Stn31:trawl:44-p,IYS:GoA2020:Stn31:trawl:44-p-5,Number of stomachs with middle fullness (fullness score - 1-2), ,1,stomachs,http://vocab.nerc.ac.uk/collection/P06/current/UUUU/,NA
IYS:GoA2020:Stn31:trawl:44-p,IYS:GoA2020:Stn31:trawl:44-p-6,Number of full stomachs (fullness score - 3-4), ,0,stomachs,http://vocab.nerc.ac.uk/collection/P06/current/UUUU/,NA
IYS:GoA2020:Stn31:trawl:45-p,IYS:GoA2020:Stn31:trawl:45-p-1,Stomachs analyzed, ,1,stomachs,http://vocab.nerc.ac.uk/collection/P06/current/UUUU/,NA
IYS:GoA2020:Stn31:trawl:45-p,IYS:GoA2020:Stn31:trawl:45-p-2,"Consumer's average weight, g", ,770,gram,http://vocab.nerc.ac.uk/collection/P06/current/UGRM/,measurementValue represents the average
IYS:GoA2020:Stn31:trawl:45-p,IYS:GoA2020:Stn31:trawl:45-p-3,"Consumer's average length,cm", ,40.2,centimeter,http://vocab.nerc.ac.uk/collection/P06/current/ULCM/,measurementValue represents the average
IYS:GoA2020:Stn31:trawl:45-p,IYS:GoA2020:Stn31:trawl:45-p-4,Number of empty stomachs (fullness score - 0), ,0,stomachs,http://vocab.nerc.ac.uk/collection/P06/current/UUUU/,NA
IYS:GoA2020:Stn31:trawl:45-p,IYS:GoA2020:Stn31:trawl:45-p-5,Number of stomachs with middle fullness (fullness score - 1-2), ,1,stomachs,http://vocab.nerc.ac.uk/collection/P06/current/UUUU/,NA
IYS:GoA2020:Stn31:trawl:45-p,IYS:GoA2020:Stn31:trawl:45-p-6,Number of full stomachs (fullness score - 3-4), ,0,stomachs,http://vocab.nerc.ac.uk/collection/P06/current/UUUU/,NA
IYS:GoA2020:Stn32:trawl:46-p,IYS:GoA2020:Stn32:trawl:46-p-1,Stomachs analyzed, ,1,stomachs,http://vocab.nerc.ac.uk/collection/P06/current/UUUU/,NA
IYS:GoA2020:Stn32:trawl:46-p,IYS:GoA2020:Stn32:trawl:46-p-2,"Consumer's average weight, g", ,221,gram,http://vocab.nerc.ac.uk/collection/P06/current/UGRM/,measurementValue represents the average
IYS:GoA2020:Stn32:trawl:46-p,IYS:GoA2020:Stn32:trawl:46-p-3,"Consumer's average length,cm", ,28,centimeter,http://vocab.nerc.ac.uk/collection/P06/current/ULCM/,measurementValue represents the average
IYS:GoA2020:Stn32:trawl:46-p,IYS:GoA2020:Stn32:trawl:46-p-4,Number of empty stomachs (fullness score - 0), ,0,stomachs,http://vocab.nerc.ac.uk/collection/P06/current/UUUU/,NA
IYS:GoA2020:Stn32:trawl:46-p,IYS:GoA2020:Stn32:trawl:46-p-5,Number of stomachs with middle fullness (fullness score - 1-2), ,1,stomachs,http://vocab.nerc.ac.uk/collection/P06/current/UUUU/,NA
IYS:GoA2020:Stn32:trawl:46-p,IYS:GoA2020:Stn32:trawl:46-p-6,Number of full stomachs (fullness score - 3-4), ,0,stomachs,http://vocab.nerc.ac.uk/collection/P06/current/UUUU/,NA
IYS:GoA2020:Stn34:trawl:47-p,IYS:GoA2020:Stn34:trawl:47-p-1,Stomachs analyzed, ,2,stomachs,http://vocab.nerc.ac.uk/collection/P06/current/UUUU/,NA
IYS:GoA2020:Stn34:trawl:47-p,IYS:GoA2020:Stn34:trawl:47-p-2,"Consumer's average weight, g", ,859,gram,http://vocab.nerc.ac.uk/collection/P06/current/UGRM/,measurementValue represents the average
IYS:GoA2020:Stn34:trawl:47-p,IYS:GoA2020:Stn34:trawl:47-p-3,"Consumer's average length,cm", ,43,centimeter,http://vocab.nerc.ac.uk/collection/P06/current/ULCM/,measurementValue represents the average
IYS:GoA2020:Stn34:trawl:47-p,IYS:GoA2020:Stn34:trawl:47-p-4,Number of empty stomachs (fullness score - 0), ,0,stomachs,http://vocab.nerc.ac.uk/collection/P06/current/UUUU/,NA
IYS:GoA2020:Stn34:trawl:47-p,IYS:GoA2020:Stn34:trawl:47-p-5,Number of stomachs with middle fullness (fullness score - 1-2), ,2,stomachs,http://vocab.nerc.ac.uk/collection/P06/current/UUUU/,NA
IYS:GoA2020:Stn34:trawl:47-p,IYS:GoA2020:Stn34:trawl:47-p-6,Number of full stomachs (fullness score - 3-4), ,0,stomachs,http://vocab.nerc.ac.uk/collection/P06/current/UUUU/,NA
IYS:GoA2020:Stn34:trawl:48-p,IYS:GoA2020:Stn34:trawl:48-p-1,Stomachs analyzed, ,2,stomachs,http://vocab.nerc.ac.uk/collection/P06/current/UUUU/,NA
IYS:GoA2020:Stn34:trawl:48-p,IYS:GoA2020:Stn34:trawl:48-p-2,"Consumer's average weight, g", ,463,gram,http://vocab.nerc.ac.uk/collection/P06/current/UGRM/,measurementValue represents the average
IYS:GoA2020:Stn34:trawl:48-p,IYS:GoA2020:Stn34:trawl:48-p-3,"Consumer's average length,cm", ,35.8,centimeter,http://vocab.nerc.ac.uk/collection/P06/current/ULCM/,measurementValue represents the average
IYS:GoA2020:Stn34:trawl:48-p,IYS:GoA2020:Stn34:trawl:48-p-4,Number of empty stomachs (fullness score - 0), ,0,stomachs,http://vocab.nerc.ac.uk/collection/P06/current/UUUU/,NA
IYS:GoA2020:Stn34:trawl:48-p,IYS:GoA2020:Stn34:trawl:48-p-5,Number of stomachs with middle fullness (fullness score - 1-2), ,2,stomachs,http://vocab.nerc.ac.uk/collection/P06/current/UUUU/,NA
IYS:GoA2020:Stn34:trawl:48-p,IYS:GoA2020:Stn34:trawl:48-p-6,Number of full stomachs (fullness score - 3-4), ,0,stomachs,http://vocab.nerc.ac.uk/collection/P06/current/UUUU/,NA
IYS:GoA2020:Stn36:trawl:49-p,IYS:GoA2020:Stn36:trawl:49-p-1,Stomachs analyzed, ,1,stomachs,http://vocab.nerc.ac.uk/collection/P06/current/UUUU/,NA
IYS:GoA2020:Stn36:trawl:49-p,IYS:GoA2020:Stn36:trawl:49-p-2,"Consumer's average weight, g", ,917,gram,http://vocab.nerc.ac.uk/collection/P06/current/UGRM/,measurementValue represents the average
IYS:GoA2020:Stn36:trawl:49-p,IYS:GoA2020:Stn36:trawl:49-p-3,"Consumer's average length,cm", ,48.2,centimeter,http://vocab.nerc.ac.uk/collection/P06/current/ULCM/,measurementValue represents the average
IYS:GoA2020:Stn36:trawl:49-p,IYS:GoA2020:Stn36:trawl:49-p-4,Number of empty stomachs (fullness score - 0), ,0,stomachs,http://vocab.nerc.ac.uk/collection/P06/current/UUUU/,NA
IYS:GoA2020:Stn36:trawl:49-p,IYS:GoA2020:Stn36:trawl:49-p-5,Number of stomachs with middle fullness (fullness score - 1-2), ,1,stomachs,http://vocab.nerc.ac.uk/collection/P06/current/UUUU/,NA
IYS:GoA2020:Stn36:trawl:49-p,IYS:GoA2020:Stn36:trawl:49-p-6,Number of full stomachs (fullness score - 3-4), ,0,stomachs,http://vocab.nerc.ac.uk/collection/P06/current/UUUU/,NA
IYS:GoA2020:Stn47:trawl:50-p,IYS:GoA2020:Stn47:trawl:50-p-1,Stomachs analyzed, ,4,stomachs,http://vocab.nerc.ac.uk/collection/P06/current/UUUU/,NA
IYS:GoA2020:Stn47:trawl:50-p,IYS:GoA2020:Stn47:trawl:50-p-2,"Consumer's average weight, g", ,846,gram,http://vocab.nerc.ac.uk/collection/P06/current/UGRM/,measurementValue represents the average
IYS:GoA2020:Stn47:trawl:50-p,IYS:GoA2020:Stn47:trawl:50-p-3,"Consumer's average length,cm", ,42.1,centimeter,http://vocab.nerc.ac.uk/collection/P06/current/ULCM/,measurementValue represents the average
IYS:GoA2020:Stn47:trawl:50-p,IYS:GoA2020:Stn47:trawl:50-p-4,Number of empty stomachs (fullness score - 0), ,2,stomachs,http://vocab.nerc.ac.uk/collection/P06/current/UUUU/,NA
IYS:GoA2020:Stn47:trawl:50-p,IYS:GoA2020:Stn47:trawl:50-p-5,Number of stomachs with middle fullness (fullness score - 1-2), ,1,stomachs,http://vocab.nerc.ac.uk/collection/P06/current/UUUU/,NA
IYS:GoA2020:Stn47:trawl:50-p,IYS:GoA2020:Stn47:trawl:50-p-6,Number of full stomachs (fullness score - 3-4), ,1,stomachs,http://vocab.nerc.ac.uk/collection/P06/current/UUUU/,NA
IYS:GoA2020:Stn47:trawl:51-p,IYS:GoA2020:Stn47:trawl:51-p-1,Stomachs analyzed, ,1,stomachs,http://vocab.nerc.ac.uk/collection/P06/current/UUUU/,NA
IYS:GoA2020:Stn47:trawl:51-p,IYS:GoA2020:Stn47:trawl:51-p-2,"Consumer's average weight, g", ,156,gram,http://vocab.nerc.ac.uk/collection/P06/current/UGRM/,measurementValue represents the average
IYS:GoA2020:Stn47:trawl:51-p,IYS:GoA2020:Stn47:trawl:51-p-3,"Consumer's average length,cm", ,25.3,centimeter,http://vocab.nerc.ac.uk/collection/P06/current/ULCM/,measurementValue represents the average
IYS:GoA2020:Stn47:trawl:51-p,IYS:GoA2020:Stn47:trawl:51-p-4,Number of empty stomachs (fullness score - 0), ,1,stomachs,http://vocab.nerc.ac.uk/collection/P06/current/UUUU/,NA
IYS:GoA2020:Stn47:trawl:51-p,IYS:GoA2020:Stn47:trawl:51-p-5,Number of stomachs with middle fullness (fullness score - 1-2), ,0,stomachs,http://vocab.nerc.ac.uk/collection/P06/current/UUUU/,NA
IYS:GoA2020:Stn47:trawl:51-p,IYS:GoA2020:Stn47:trawl:51-p-6,Number of full stomachs (fullness score - 3-4), ,0,stomachs,http://vocab.nerc.ac.uk/collection/P06/current/UUUU/,NA
IYS:GoA2020:Stn47:trawl:52-p,IYS:GoA2020:Stn47:trawl:52-p-1,Stomachs analyzed, ,2,stomachs,http://vocab.nerc.ac.uk/collection/P06/current/UUUU/,NA
IYS:GoA2020:Stn47:trawl:52-p,IYS:GoA2020:Stn47:trawl:52-p-2,"Consumer's average weight, g", ,1697,gram,http://vocab.nerc.ac.uk/collection/P06/current/UGRM/,measurementValue represents the average
IYS:GoA2020:Stn47:trawl:52-p,IYS:GoA2020:Stn47:trawl:52-p-3,"Consumer's average length,cm", ,55.7,centimeter,http://vocab.nerc.ac.uk/collection/P06/current/ULCM/,measurementValue represents the average
IYS:GoA2020:Stn47:trawl:52-p,IYS:GoA2020:Stn47:trawl:52-p-4,Number of empty stomachs (fullness score - 0), ,0,stomachs,http://vocab.nerc.ac.uk/collection/P06/current/UUUU/,NA
IYS:GoA2020:Stn47:trawl:52-p,IYS:GoA2020:Stn47:trawl:52-p-5,Number of stomachs with middle fullness (fullness score - 1-2), ,2,stomachs,http://vocab.nerc.ac.uk/collection/P06/current/UUUU/,NA
IYS:GoA2020:Stn47:trawl:52-p,IYS:GoA2020:Stn47:trawl:52-p-6,Number of full stomachs (fullness score - 3-4), ,0,stomachs,http://vocab.nerc.ac.uk/collection/P06/current/UUUU/,NA
IYS:GoA2020:Stn47:trawl:53-p,IYS:GoA2020:Stn47:trawl:53-p-1,Stomachs analyzed, ,1,stomachs,http://vocab.nerc.ac.uk/collection/P06/current/UUUU/,NA
IYS:GoA2020:Stn47:trawl:53-p,IYS:GoA2020:Stn47:trawl:53-p-2,"Consumer's average weight, g", ,260,gram,http://vocab.nerc.ac.uk/collection/P06/current/UGRM/,measurementValue represents the average
IYS:GoA2020:Stn47:trawl:53-p,IYS:GoA2020:Stn47:trawl:53-p-3,"Consumer's average length,cm", ,29,centimeter,http://vocab.nerc.ac.uk/collection/P06/current/ULCM/,measurementValue represents the average
IYS:GoA2020:Stn47:trawl:53-p,IYS:GoA2020:Stn47:trawl:53-p-4,Number of empty stomachs (fullness score - 0), ,0,stomachs,http://vocab.nerc.ac.uk/collection/P06/current/UUUU/,NA
IYS:GoA2020:Stn47:trawl:53-p,IYS:GoA2020:Stn47:trawl:53-p-5,Number of stomachs with middle fullness (fullness score - 1-2), ,1,stomachs,http://vocab.nerc.ac.uk/collection/P06/current/UUUU/,NA
IYS:GoA2020:Stn47:trawl:53-p,IYS:GoA2020:Stn47:trawl:53-p-6,Number of full stomachs (fullness score - 3-4), ,0,stomachs,http://vocab.nerc.ac.uk/collection/P06/current/UUUU/,NA
IYS:GoA2020:Stn51:trawl:54-p,IYS:GoA2020:Stn51:trawl:54-p-1,Stomachs analyzed, ,2,stomachs,http://vocab.nerc.ac.uk/collection/P06/current/UUUU/,NA
IYS:GoA2020:Stn51:trawl:54-p,IYS:GoA2020:Stn51:trawl:54-p-2,"Consumer's average weight, g", ,1712,gram,http://vocab.nerc.ac.uk/collection/P06/current/UGRM/,measurementValue represents the average
IYS:GoA2020:Stn51:trawl:54-p,IYS:GoA2020:Stn51:trawl:54-p-3,"Consumer's average length,cm", ,51.5,centimeter,http://vocab.nerc.ac.uk/collection/P06/current/ULCM/,measurementValue represents the average
IYS:GoA2020:Stn51:trawl:54-p,IYS:GoA2020:Stn51:trawl:54-p-4,Number of empty stomachs (fullness score - 0), ,0,stomachs,http://vocab.nerc.ac.uk/collection/P06/current/UUUU/,NA
IYS:GoA2020:Stn51:trawl:54-p,IYS:GoA2020:Stn51:trawl:54-p-5,Number of stomachs with middle fullness (fullness score - 1-2), ,1,stomachs,http://vocab.nerc.ac.uk/collection/P06/current/UUUU/,NA
IYS:GoA2020:Stn51:trawl:54-p,IYS:GoA2020:Stn51:trawl:54-p-6,Number of full stomachs (fullness score - 3-4), ,1,stomachs,http://vocab.nerc.ac.uk/collection/P06/current/UUUU/,NA
IYS:GoA2020:Stn52:trawl:55-p,IYS:GoA2020:Stn52:trawl:55-p-1,Stomachs analyzed, ,5,stomachs,http://vocab.nerc.ac.uk/collection/P06/current/UUUU/,NA
IYS:GoA2020:Stn52:trawl:55-p,IYS:GoA2020:Stn52:trawl:55-p-2,"Consumer's average weight, g", ,458,gram,http://vocab.nerc.ac.uk/collection/P06/current/UGRM/,measurementValue represents the average
IYS:GoA2020:Stn52:trawl:55-p,IYS:GoA2020:Stn52:trawl:55-p-3,"Consumer's average length,cm", ,32.8,centimeter,http://vocab.nerc.ac.uk/collection/P06/current/ULCM/,measurementValue represents the average
IYS:GoA2020:Stn52:trawl:55-p,IYS:GoA2020:Stn52:trawl:55-p-4,Number of empty stomachs (fullness score - 0), ,1,stomachs,http://vocab.nerc.ac.uk/collection/P06/current/UUUU/,NA
IYS:GoA2020:Stn52:trawl:55-p,IYS:GoA2020:Stn52:trawl:55-p-5,Number of stomachs with middle fullness (fullness score - 1-2), ,2,stomachs,http://vocab.nerc.ac.uk/collection/P06/current/UUUU/,NA
IYS:GoA2020:Stn52:trawl:55-p,IYS:GoA2020:Stn52:trawl:55-p-6,Number of full stomachs (fullness score - 3-4), ,2,stomachs,http://vocab.nerc.ac.uk/collection/P06/current/UUUU/,NA
IYS:GoA2020:Stn52:trawl:56-p,IYS:GoA2020:Stn52:trawl:56-p-1,Stomachs analyzed, ,1,stomachs,http://vocab.nerc.ac.uk/collection/P06/current/UUUU/,NA
IYS:GoA2020:Stn52:trawl:56-p,IYS:GoA2020:Stn52:trawl:56-p-2,"Consumer's average weight, g", ,2078,gram,http://vocab.nerc.ac.uk/collection/P06/current/UGRM/,measurementValue represents the average
IYS:GoA2020:Stn52:trawl:56-p,IYS:GoA2020:Stn52:trawl:56-p-3,"Consumer's average length,cm", ,54.4,centimeter,http://vocab.nerc.ac.uk/collection/P06/current/ULCM/,measurementValue represents the average
IYS:GoA2020:Stn52:trawl:56-p,IYS:GoA2020:Stn52:trawl:56-p-4,Number of empty stomachs (fullness score - 0), ,0,stomachs,http://vocab.nerc.ac.uk/collection/P06/current/UUUU/,NA
IYS:GoA2020:Stn52:trawl:56-p,IYS:GoA2020:Stn52:trawl:56-p-5,Number of stomachs with middle fullness (fullness score - 1-2), ,0,stomachs,http://vocab.nerc.ac.uk/collection/P06/current/UUUU/,NA
IYS:GoA2020:Stn52:trawl:56-p,IYS:GoA2020:Stn52:trawl:56-p-6,Number of full stomachs (fullness score - 3-4), ,1,stomachs,http://vocab.nerc.ac.uk/collection/P06/current/UUUU/,NA
IYS:GoA2020:Stn52:trawl:57-p,IYS:GoA2020:Stn52:trawl:57-p-1,Stomachs analyzed, ,17,stomachs,http://vocab.nerc.ac.uk/collection/P06/current/UUUU/,NA
IYS:GoA2020:Stn52:trawl:57-p,IYS:GoA2020:Stn52:trawl:57-p-2,"Consumer's average weight, g", ,235,gram,http://vocab.nerc.ac.uk/collection/P06/current/UGRM/,measurementValue represents the average
IYS:GoA2020:Stn52:trawl:57-p,IYS:GoA2020:Stn52:trawl:57-p-3,"Consumer's average length,cm", ,26.6,centimeter,http://vocab.nerc.ac.uk/collection/P06/current/ULCM/,measurementValue represents the average
IYS:GoA2020:Stn52:trawl:57-p,IYS:GoA2020:Stn52:trawl:57-p-4,Number of empty stomachs (fullness score - 0), ,0,stomachs,http://vocab.nerc.ac.uk/collection/P06/current/UUUU/,NA
IYS:GoA2020:Stn52:trawl:57-p,IYS:GoA2020:Stn52:trawl:57-p-5,Number of stomachs with middle fullness (fullness score - 1-2), ,8,stomachs,http://vocab.nerc.ac.uk/collection/P06/current/UUUU/,NA
IYS:GoA2020:Stn52:trawl:57-p,IYS:GoA2020:Stn52:trawl:57-p-6,Number of full stomachs (fullness score - 3-4), ,9,stomachs,http://vocab.nerc.ac.uk/collection/P06/current/UUUU/,NA
IYS:GoA2020:Stn52:trawl:58-p,IYS:GoA2020:Stn52:trawl:58-p-1,Stomachs analyzed, ,7,stomachs,http://vocab.nerc.ac.uk/collection/P06/current/UUUU/,NA
IYS:GoA2020:Stn52:trawl:58-p,IYS:GoA2020:Stn52:trawl:58-p-2,"Consumer's average weight, g", ,72,gram,http://vocab.nerc.ac.uk/collection/P06/current/UGRM/,measurementValue represents the average
IYS:GoA2020:Stn52:trawl:58-p,IYS:GoA2020:Stn52:trawl:58-p-3,"Consumer's average length,cm", ,19.9,centimeter,http://vocab.nerc.ac.uk/collection/P06/current/ULCM/,measurementValue represents the average
IYS:GoA2020:Stn52:trawl:58-p,IYS:GoA2020:Stn52:trawl:58-p-4,Number of empty stomachs (fullness score - 0), ,2,stomachs,http://vocab.nerc.ac.uk/collection/P06/current/UUUU/,NA
IYS:GoA2020:Stn52:trawl:58-p,IYS:GoA2020:Stn52:trawl:58-p-5,Number of stomachs with middle fullness (fullness score - 1-2), ,0,stomachs,http://vocab.nerc.ac.uk/collection/P06/current/UUUU/,NA
IYS:GoA2020:Stn52:trawl:58-p,IYS:GoA2020:Stn52:trawl:58-p-6,Number of full stomachs (fullness score - 3-4), ,5,stomachs,http://vocab.nerc.ac.uk/collection/P06/current/UUUU/,NA
IYS:GoA2020:Stn52:trawl:59-p,IYS:GoA2020:Stn52:trawl:59-p-1,Stomachs analyzed, ,1,stomachs,http://vocab.nerc.ac.uk/collection/P06/current/UUUU/,NA
IYS:GoA2020:Stn52:trawl:59-p,IYS:GoA2020:Stn52:trawl:59-p-2,"Consumer's average weight, g", ,269,gram,http://vocab.nerc.ac.uk/collection/P06/current/UGRM/,measurementValue represents the average
IYS:GoA2020:Stn52:trawl:59-p,IYS:GoA2020:Stn52:trawl:59-p-3,"Consumer's average length,cm", ,29,centimeter,http://vocab.nerc.ac.uk/collection/P06/current/ULCM/,measurementValue represents the average
IYS:GoA2020:Stn52:trawl:59-p,IYS:GoA2020:Stn52:trawl:59-p-4,Number of empty stomachs (fullness score - 0), ,0,stomachs,http://vocab.nerc.ac.uk/collection/P06/current/UUUU/,NA
IYS:GoA2020:Stn52:trawl:59-p,IYS:GoA2020:Stn52:trawl:59-p-5,Number of stomachs with middle fullness (fullness score - 1-2), ,0,stomachs,http://vocab.nerc.ac.uk/collection/P06/current/UUUU/,NA
IYS:GoA2020:Stn52:trawl:59-p,IYS:GoA2020:Stn52:trawl:59-p-6,Number of full stomachs (fullness score - 3-4), ,1,stomachs,http://vocab.nerc.ac.uk/collection/P06/current/UUUU/,NA
